destino,modalidad,tarifa_cop
Aeropuerto de Armenia,solo_ida,494400
Agua Bonita,solo_ida,84000
Aguadas,solo_ida,663600
Alban,solo_ida,706800
Alcala,solo_ida,367200
Alto Bonito,solo_ida,84000
Alto del Guamo,solo_ida,84000
Alto del Naranjo,solo_ida,98400
Alvarado,solo_ida,592800
Ambalema,solo_ida,606000
Andalucia,solo_ida,565200
Anserma,solo_ida,367200
Aranzazu,solo_ida,310800
Arauca,solo_ida,226800
Argelia,solo_ida,592800
Arma,solo_ida,592800
Armenia,solo_ida,452400
Barranquilla,solo_ida,3110400
Belalcazar,solo_ida,354000
Belen de Umbria,solo_ida,423600
Boca Toma (Minitas),solo_ida,84000
Bogotá,solo_ida,919200
Bolivia,solo_ida,592800
Bonafont,solo_ida,423600
Brisas,solo_ida,261600
Bucaramanga,solo_ida,1342800
Buenavista,solo_ida,105600
Buga,solo_ida,650400
Bugalagrande,solo_ida,565200
Caicedonia,solo_ida,508800
Cajamarca,solo_ida,565200
Calarca,solo_ida,438000
Caldas (Antioquia),solo_ida,631200
Cali,solo_ida,846000
Candelaria,solo_ida,820800
Carmen de Apicalá,solo_ida,777600
Cartagena,solo_ida,2827200
Cartago,solo_ida,394800
Castilla,solo_ida,508800
Cerritos,solo_ida,354000
Chaparral,solo_ida,962400
Chinchiná,solo_ida,142800
Circasia,solo_ida,410400
Corinto,solo_ida,763200
Dagua,solo_ida,763200
Delgaditas,solo_ida,283200
El Algarrobo,solo_ida,142800
El Cerrito,solo_ida,637200
El Chuzo,solo_ida,142800
El Faro,solo_ida,154800
El Guineo,solo_ida,154800
El Motorista,solo_ida,105600
Espinal,solo_ida,777600
Facatativa,solo_ida,835200
Falan,solo_ida,580800
Filadelfia,solo_ida,283200
Filandia,solo_ida,379200
Florencia (Caldas),solo_ida,706800
Florida (Valle),solo_ida,499200
Fogon de Palo,solo_ida,114000
Fredonia (Valle),solo_ida,523200
Fresno,solo_ida,354000
Fusagasuga,solo_ida,848400
Garzón (Huila),solo_ida,919200
Génova,solo_ida,508800
Ginebra,solo_ida,663600
Girardot,solo_ida,848400
Guacarí,solo_ida,636000
Guacas,solo_ida,98400
Guaduas,solo_ida,663600
Guamo,solo_ida,820800
Guarinocito,solo_ida,523200
Guarne,solo_ida,706800
Guatapé,solo_ida,792000
Hacienda Venecia,solo_ida,120000
Herveo,solo_ida,396000
Honda,solo_ida,508800
Ibagué,solo_ida,734400
Irra,solo_ida,283200
Itagui,solo_ida,636000
Javas,solo_ida,105600
Kilometro 41,solo_ida,198000
La Cabaña,solo_ida,134400
Laceja,solo_ida,820800
La China,solo_ida,141600
La Cumbre (Valle),solo_ida,580800
La Dorada,solo_ida,636000
La Esperanza 8,solo_ida,154800
La Feliza,solo_ida,283200
La Garrucha,solo_ida,154800
La Manuela,solo_ida,154800
La Margarita Arauca,solo_ida,240000
La Merced,solo_ida,367200
La Pintada,solo_ida,454800
La Plata,solo_ida,190800
La Rochela,solo_ida,190800
La Siria,solo_ida,92400
La Tebaida,solo_ida,452400
La Trinidad,solo_ida,92400
La Unión Antioquia,solo_ida,636000
La Uribe,solo_ida,480000
La Victoria,solo_ida,423600
La Violeta,solo_ida,105600
La Virginia,solo_ida,394800
Lerida,solo_ida,523200
Letras,solo_ida,184800
Libano,solo_ida,523200
Lisboa,solo_ida,126000
Llanitos,solo_ida,169200
Loboguerrero,solo_ida,777600
Malpaso,solo_ida,114000
Manzanares,solo_ida,505200
Maracas,solo_ida,126000
Margarita Letras,solo_ida,142800
Mariquita,solo_ida,480000
Marmato,solo_ida,394800
Marquetalia,solo_ida,663600
Marsela,solo_ida,310800
Marulanda,solo_ida,565200
Medellín,solo_ida,679200
Melgar,solo_ida,820800
Mesones,solo_ida,283200
Miranda Valle,solo_ida,1272000
Montenegro,solo_ida,423600
Mosquera,solo_ida,919200
Neira,solo_ida,142800
Neiva,solo_ida,919200
Nevado del Ruiz,solo_ida,466800
Nevado del Ruiz,ida_y_vuelta,706800
Norcasia,solo_ida,706800
Obando,solo_ida,423600
Pacora,solo_ida,592800
Padua,solo_ida,325200
Palestina,solo_ida,184800
Palmira,solo_ida,734400
Panaca,solo_ida,416400
Parque del Café,solo_ida,454800
Patio Bonito,solo_ida,120000
Pensilvania,solo_ida,679200
Pereira,solo_ida,240000
Petaqueros,solo_ida,310800
Popayán,solo_ida,1136400
Pradera,solo_ida,891600
Pueblo Rico Neira,solo_ida,142800
Pueblo Rico Risaralda,solo_ida,505200
Puerto Boyacá,solo_ida,777600
Puerto Triunfo,solo_ida,777600
Quiebra de Velez,solo_ida,114000
Quiebra del Villar,solo_ida,98400
Quimbaya,solo_ida,381600
Quinchía,solo_ida,410400
Restrepo Valle,solo_ida,793200
Rioblanco Bocatoma,solo_ida,98400
Riosucio,solo_ida,381600
Risaralda Caldas,solo_ida,325200
Roldanillo,solo_ida,508800
Sabinas,solo_ida,92400
Salamina,solo_ida,379200
Salaento,solo_ida,410400
Samana,solo_ida,663600
Samaria,solo_ida,25200
San Bartolomé,solo_ida,410400
San Bernardo del Viento,solo_ida,126000
San Felix,solo_ida,565200
San José Risaralda,solo_ida,267600
San Pedro Valle,solo_ida,494400
San Peregrino,solo_ida,105600
Santa Isabel Tolima,solo_ida,663600
Santa Rosa Dde Cabal,solo_ida,252000
Santagueda,solo_ida,183600
Santuario Antioquia,solo_ida,832800
Sasaima,solo_ida,679200
Sevilla,solo_ida,508800
Suárez Tolima,solo_ida,820800
Supia,solo_ida,332400
Tareas,solo_ida,198000
Termales de San Vicente,solo_ida,480000
Termales Santarrosa,solo_ida,354000
Termales del Ruiz,solo_ida,340800
Termales del Ruiz,ida_y_vuelta,565200
Tres Puertas,solo_ida,169200
Tulua,solo_ida,580800
Valle del Cocora,solo_ida,454800
Varsovia,solo_ida,252000
Villarca Tolima,solo_ida,694800
Villa Vieja Touma,solo_ida,841200
Villa Hermosa Tolima,solo_ida,663600
Villeta,solo_ida,650400
Viterbo,solo_ida,410400
Yolombo,solo_ida,663600
Yotoco,solo_ida,706800
Yumbo,solo_ida,805200
Zaragoza,solo_ida,480000
